id,email,first_name,last_name,supervisor,entry_date
1,stopham0@vimeo.com,Sibylla,Topham,Sibylla Topham,10/8/2022
2,kcormack1@blogtalkradio.com,Kellina,Cormack,Kellina Cormack,11/18/2021
3,peldon2@utexas.edu,Philomena,Eldon,Philomena Eldon,1/24/2022
4,wbostick3@dmoz.org,Wolfgang,Bostick,Wolfgang Bostick,4/6/2022
5,rnewcomen4@ihg.com,Riva,Newcomen,Riva Newcomen,6/11/2022
6,lgerrelt5@craigslist.org,Lonny,Gerrelt,Lonny Gerrelt,8/29/2022
7,sbowling6@qq.com,Serene,Bowling,Serene Bowling,2/17/2022
8,nmouget7@china.com.cn,Noemi,Mouget,Noemi Mouget,5/18/2022
9,sbarke8@newyorker.com,Sammie,Barke,Sammie Barke,10/12/2022
10,velven9@aboutads.info,Vivyan,Elven,Vivyan Elven,5/12/2022
11,odorkinsa@cisco.com,Odo,Dorkins,Odo Dorkins,5/26/2022
12,ccasaleb@state.gov,Carri,Casale,Carri Casale,11/21/2021
13,astormsc@bloomberg.com,Alia,Storms,Alia Storms,9/12/2022
14,aguierred@com.com,Alecia,Guierre,Alecia Guierre,12/16/2021
15,rdarwoode@reference.com,Roberto,Darwood,Roberto Darwood,11/4/2022
16,jharronf@webeden.co.uk,Jocko,Harron,Jocko Harron,10/21/2022
17,adumelowg@yellowbook.com,Amandi,Dumelow,Amandi Dumelow,5/27/2022
18,mraulinh@quantcast.com,Marwin,Raulin,Marwin Raulin,2/20/2022
19,msimoneschii@studiopress.com,Marjory,Simoneschi,Marjory Simoneschi,5/29/2022
20,amunksj@google.es,Antonino,Munks,Antonino Munks,7/3/2022
21,dmanvillek@google.co.uk,Dody,Manville,Dody Manville,5/2/2022
22,cbortoll@alexa.com,Carlos,Bortol,Carlos Bortol,6/8/2022
23,gandryszczakm@nba.com,Garrek,Andryszczak,Garrek Andryszczak,10/4/2022
24,ghazelbyn@icio.us,Glyn,Hazelby,Glyn Hazelby,5/28/2022
25,aolssono@nhs.uk,Anita,Olsson,Anita Olsson,3/21/2022
26,jdowseyp@ycombinator.com,Jennee,Dowsey,Jennee Dowsey,10/30/2022
27,gollivierreq@ucsd.edu,Gayle,Ollivierre,Gayle Ollivierre,3/26/2022
28,amacvanamyr@gov.uk,Abbye,MacVanamy,Abbye MacVanamy,10/2/2022
29,lmacaks@google.co.uk,Laetitia,Macak,Laetitia Macak,7/10/2022
30,rtzukert@sphinn.com,Rosemaria,Tzuker,Rosemaria Tzuker,1/20/2022
31,fgoschalku@1und1.de,Flossy,Goschalk,Flossy Goschalk,5/4/2022
32,aduckelsv@flickr.com,Austin,Duckels,Austin Duckels,6/19/2022
33,ldevoyw@desdev.cn,Lauren,Devoy,Lauren Devoy,1/18/2022
34,bhalliwellx@miibeian.gov.cn,Bernard,Halliwell,Bernard Halliwell,10/4/2022
35,rkylesy@usnews.com,Rockie,Kyles,Rockie Kyles,4/12/2022
36,cminsterz@stumbleupon.com,Corrinne,Minster,Corrinne Minster,1/12/2022
37,mcurbishley10@mediafire.com,Margalo,Curbishley,Margalo Curbishley,2/21/2022
38,cfaulkner11@ftc.gov,Casper,Faulkner,Casper Faulkner,1/26/2022
39,ting12@google.fr,Tana,Ing,Tana Ing,10/7/2022
40,hquarry13@lycos.com,Halie,Quarry,Halie Quarry,10/13/2022
41,flofting14@reference.com,Frazer,Lofting,Frazer Lofting,12/22/2021
42,ffiddymont15@vinaora.com,Florance,Fiddymont,Florance Fiddymont,11/14/2021
43,ldradey16@infoseek.co.jp,Lonee,Dradey,Lonee Dradey,1/8/2022
44,lrapley17@wp.com,Lilias,Rapley,Lilias Rapley,11/26/2021
45,hbrundall18@unicef.org,Hillary,Brundall,Hillary Brundall,12/24/2021
46,dcombes19@salon.com,Drud,Combes,Drud Combes,6/7/2022
47,nmeigh1a@samsung.com,Natassia,Meigh,Natassia Meigh,3/15/2022
48,bjopling1b@sciencedaily.com,Bird,Jopling,Bird Jopling,4/28/2022
49,ddingate1c@opera.com,Devora,Dingate,Devora Dingate,6/8/2022
50,cmanketell1d@soup.io,Corabel,Manketell,Corabel Manketell,9/11/2022
51,lgoadby1e@ftc.gov,Linnie,Goadby,Linnie Goadby,8/30/2022
52,cbussetti1f@multiply.com,Cybil,Bussetti,Cybil Bussetti,11/3/2022
53,bcannicott1g@dailymail.co.uk,Burnard,Cannicott,Burnard Cannicott,11/28/2021
54,bparr1h@cbsnews.com,Bond,Parr,Bond Parr,2/24/2022
55,tmangam1i@pen.io,Teddie,Mangam,Teddie Mangam,9/7/2022
56,rmclucas1j@harvard.edu,Robby,McLucas,Robby McLucas,9/26/2022
57,mblesdill1k@twitter.com,Michelle,Blesdill,Michelle Blesdill,8/13/2022
58,trainsdon1l@1688.com,Trumann,Rainsdon,Trumann Rainsdon,12/16/2021
59,nhunnaball1m@dedecms.com,Nerta,Hunnaball,Nerta Hunnaball,1/14/2022
60,fdavitt1n@msu.edu,Felice,Davitt,Felice Davitt,7/19/2022
61,edeering1o@bing.com,Eleonore,Deering,Eleonore Deering,12/28/2021
62,lkembrey1p@wordpress.org,Laney,Kembrey,Laney Kembrey,1/17/2022
63,smacshirie1q@nps.gov,Sib,MacShirie,Sib MacShirie,7/4/2022
64,llandon1r@dagondesign.com,Lowrance,Landon,Lowrance Landon,5/28/2022
65,cspiaggia1s@yandex.ru,Catharine,Spiaggia,Catharine Spiaggia,9/16/2022
66,ccrosi1t@gov.uk,Catherina,Crosi,Catherina Crosi,5/27/2022
67,mpletts1u@pbs.org,Maddie,Pletts,Maddie Pletts,8/10/2022
68,nrushbury1v@google.fr,Nikolaus,Rushbury,Nikolaus Rushbury,10/7/2022
69,weymor1w@bigcartel.com,Winslow,Eymor,Winslow Eymor,12/3/2021
70,ewoodley1x@indiegogo.com,Emmerich,Woodley,Emmerich Woodley,3/28/2022
71,akindall1y@unicef.org,Alex,Kindall,Alex Kindall,3/25/2022
72,crutledge1z@sina.com.cn,Chiquita,Rutledge,Chiquita Rutledge,7/7/2022
73,gsomerton20@unesco.org,Gwenette,Somerton,Gwenette Somerton,1/23/2022
74,acopestick21@naver.com,Ab,Copestick,Ab Copestick,10/21/2022
75,rstallan22@msu.edu,Reynolds,Stallan,Reynolds Stallan,3/6/2022
76,lcast23@google.ru,Lola,Cast,Lola Cast,8/10/2022
77,cbucklan24@discovery.com,Clari,Bucklan,Clari Bucklan,8/25/2022
78,ibloys25@hc360.com,Iormina,Bloys,Iormina Bloys,5/29/2022
79,hdurkin26@patch.com,Hedvig,Durkin,Hedvig Durkin,6/23/2022
80,sburdge27@ucsd.edu,Staffard,Burdge,Staffard Burdge,2/26/2022
81,fbanthorpe28@ted.com,Florian,Banthorpe,Florian Banthorpe,6/30/2022
82,tfosdyke29@tumblr.com,Tasha,Fosdyke,Tasha Fosdyke,6/9/2022
83,vbirkwood2a@cyberchimps.com,Vernen,Birkwood,Vernen Birkwood,1/17/2022
84,dhowley2b@wp.com,Devin,Howley,Devin Howley,10/6/2022
85,mpigram2c@cbslocal.com,Mehetabel,Pigram,Mehetabel Pigram,10/29/2022
86,lelwel2d@lulu.com,Leone,Elwel,Leone Elwel,6/24/2022
87,ltuck2e@netvibes.com,Leigh,Tuck,Leigh Tuck,2/21/2022
88,ktow2f@wufoo.com,Kalindi,Tow,Kalindi Tow,9/25/2022
89,ioffiler2g@opensource.org,Ina,Offiler,Ina Offiler,3/12/2022
90,freary2h@uiuc.edu,Fredia,Reary,Fredia Reary,11/6/2022
91,lrobertelli2i@ucoz.com,Linette,Robertelli,Linette Robertelli,10/29/2022
92,wabramski2j@gnu.org,Wileen,Abramski,Wileen Abramski,2/4/2022
93,blummis2k@google.nl,Biron,Lummis,Biron Lummis,5/4/2022
94,ccowill2l@foxnews.com,Chucho,Cowill,Chucho Cowill,3/17/2022
95,kcroysdale2m@jimdo.com,Kristofor,Croysdale,Kristofor Croysdale,7/18/2022
96,bashington2n@scribd.com,Bary,Ashington,Bary Ashington,6/7/2022
97,sverbrugghen2o@github.com,Sayre,Verbrugghen,Sayre Verbrugghen,10/6/2022
98,klaskey2p@cbslocal.com,Kala,Laskey,Kala Laskey,5/12/2022
99,bswiffan2q@dmoz.org,Boot,Swiffan,Boot Swiffan,6/23/2022
100,sdomek2r@harvard.edu,Salaidh,Domek,Salaidh Domek,12/6/2021
